{
    "name": "root",
    "gauges": {
        "Ranger.Policy.Entropy.mean": {
            "value": 1.1406289339065552,
            "min": 1.1406289339065552,
            "max": 1.1406289339065552,
            "count": 1
        },
        "Ranger.Policy.Entropy.sum": {
            "value": 2281.2578125,
            "min": 2281.2578125,
            "max": 2281.2578125,
            "count": 1
        },
        "Ranger.Environment.EpisodeLength.mean": {
            "value": 999.0,
            "min": 999.0,
            "max": 999.0,
            "count": 1
        },
        "Ranger.Environment.EpisodeLength.sum": {
            "value": 1998.0,
            "min": 1998.0,
            "max": 1998.0,
            "count": 1
        },
        "Ranger.Step.mean": {
            "value": 1224000.0,
            "min": 1224000.0,
            "max": 1224000.0,
            "count": 1
        },
        "Ranger.Step.sum": {
            "value": 1224000.0,
            "min": 1224000.0,
            "max": 1224000.0,
            "count": 1
        },
        "Ranger.Policy.ExtrinsicValueEstimate.mean": {
            "value": -1.3740875720977783,
            "min": -1.3740875720977783,
            "max": -1.3740875720977783,
            "count": 1
        },
        "Ranger.Policy.ExtrinsicValueEstimate.sum": {
            "value": -1.3740875720977783,
            "min": -1.3740875720977783,
            "max": -1.3740875720977783,
            "count": 1
        },
        "Ranger.Policy.CuriosityValueEstimate.mean": {
            "value": 0.7556669116020203,
            "min": 0.7556669116020203,
            "max": 0.7556669116020203,
            "count": 1
        },
        "Ranger.Policy.CuriosityValueEstimate.sum": {
            "value": 0.7556669116020203,
            "min": 0.7556669116020203,
            "max": 0.7556669116020203,
            "count": 1
        },
        "Ranger.Environment.CumulativeReward.mean": {
            "value": 13.080270767211914,
            "min": 13.080270767211914,
            "max": 13.080270767211914,
            "count": 1
        },
        "Ranger.Environment.CumulativeReward.sum": {
            "value": 13.080270767211914,
            "min": 13.080270767211914,
            "max": 13.080270767211914,
            "count": 1
        },
        "Ranger.Policy.ExtrinsicReward.mean": {
            "value": 11.772244453430176,
            "min": 11.772244453430176,
            "max": 11.772244453430176,
            "count": 1
        },
        "Ranger.Policy.ExtrinsicReward.sum": {
            "value": 11.772244453430176,
            "min": 11.772244453430176,
            "max": 11.772244453430176,
            "count": 1
        },
        "Ranger.Policy.CuriosityReward.mean": {
            "value": 0.0,
            "min": 0.0,
            "max": 0.0,
            "count": 1
        },
        "Ranger.Policy.CuriosityReward.sum": {
            "value": 0.0,
            "min": 0.0,
            "max": 0.0,
            "count": 1
        },
        "Ranger.IsTraining.mean": {
            "value": 1.0,
            "min": 1.0,
            "max": 1.0,
            "count": 1
        },
        "Ranger.IsTraining.sum": {
            "value": 1.0,
            "min": 1.0,
            "max": 1.0,
            "count": 1
        }
    },
    "metadata": {
        "timer_format_version": "0.1.0",
        "start_time_seconds": "1768074457",
        "python_version": "3.10.6 (tags/v3.10.6:9c7b4bd, Aug  1 2022, 21:53:49) [MSC v.1932 64 bit (AMD64)]",
        "command_line_arguments": "C:\\Users\\danig\\AppData\\Local\\Programs\\Python\\Python310\\Scripts\\mlagents-learn .\\Ranger.yaml --run-id=0.37 --resume",
        "mlagents_version": "1.1.0",
        "mlagents_envs_version": "1.1.0",
        "communication_protocol_version": "1.5.0",
        "pytorch_version": "2.2.2+cu121",
        "numpy_version": "1.23.5",
        "end_time_seconds": "1768074502"
    },
    "total": 45.540912699998444,
    "count": 1,
    "self": 0.010022499996921397,
    "children": {
        "run_training.setup": {
            "total": 0.1329254000011133,
            "count": 1,
            "self": 0.1329254000011133
        },
        "TrainerController.start_learning": {
            "total": 45.39796480000041,
            "count": 1,
            "self": 0.050170500011518016,
            "children": {
                "TrainerController._reset_env": {
                    "total": 12.626475900000514,
                    "count": 1,
                    "self": 12.626475900000514
                },
                "TrainerController.advance": {
                    "total": 32.51938499998869,
                    "count": 2717,
                    "self": 0.04331889995592064,
                    "children": {
                        "env_step": {
                            "total": 32.30680239999856,
                            "count": 2717,
                            "self": 22.32792119996884,
                            "children": {
                                "SubprocessEnvManager._take_step": {
                                    "total": 9.947452499935025,
                                    "count": 2717,
                                    "self": 0.16974189993561595,
                                    "children": {
                                        "TorchPolicy.evaluate": {
                                            "total": 9.77771059999941,
                                            "count": 2717,
                                            "self": 9.77771059999941
                                        }
                                    }
                                },
                                "workers": {
                                    "total": 0.03142870009469334,
                                    "count": 2716,
                                    "self": 0.0,
                                    "children": {
                                        "worker_root": {
                                            "total": 22.571978400050284,
                                            "count": 2716,
                                            "is_parallel": true,
                                            "self": 14.363546000073256,
                                            "children": {
                                                "steps_from_proto": {
                                                    "total": 0.00022489999901154079,
                                                    "count": 1,
                                                    "is_parallel": true,
                                                    "self": 8.69999985297909e-05,
                                                    "children": {
                                                        "_process_rank_one_or_two_observation": {
                                                            "total": 0.00013790000048174988,
                                                            "count": 2,
                                                            "is_parallel": true,
                                                            "self": 0.00013790000048174988
                                                        }
                                                    }
                                                },
                                                "UnityEnvironment.step": {
                                                    "total": 8.208207499978016,
                                                    "count": 2716,
                                                    "is_parallel": true,
                                                    "self": 0.18596249989786884,
                                                    "children": {
                                                        "UnityEnvironment._generate_step_input": {
                                                            "total": 0.18192920003093604,